itemsets,length,count,support
WHITE HANGING HEART T-LIGHT HOLDER,1,559,0.1218927169646751
JUMBO BAG RED RETROSPOT,1,529,0.11535106846925425
REGENCY CAKESTAND 3 TIER,1,484,0.10553859572612298
PARTY BUNTING,1,401,0.08744003488879197
LUNCH BAG RED RETROSPOT,1,371,0.08089838639337113
SET OF 3 CAKE TINS PANTRY DESIGN,1,354,0.07719145224596598
JUMBO BAG PINK POLKADOT,1,347,0.07566506759703445
ASSORTED COLOUR BIRD ORNAMENT,1,342,0.07457479284779764
PACK OF 72 RETROSPOT CAKE CASES,1,325,0.0708678587003925
JUMBO SHOPPER VINTAGE RED PAISLEY,1,310,0.06759703445268207
HEART OF WICKER SMALL,1,309,0.06737897950283471
LUNCH BAG  BLACK SKULL.,1,303,0.06607064980375055
LUNCH BAG SPACEBOY DESIGN,1,302,0.06585259485390318
NATURAL SLATE HEART CHALKBOARD,1,300,0.06541648495420846
JUMBO STORAGE BAG SUKI,1,299,0.0651984300043611
RED RETROSPOT CHARLOTTE BAG,1,293,0.06389010030527693
PAPER CHAIN KIT 50'S CHRISTMAS,1,283,0.061709550806803314
JAM MAKING SET WITH JARS,1,277,0.060401221107719144
WOODEN PICTURE FRAME WHITE FINISH,1,275,0.059965111208024426
RECIPE BOX PANTRY YELLOW DESIGN,1,275,0.059965111208024426
ROSES REGENCY TEACUP AND SAUCER,1,275,0.059965111208024426
JAM MAKING SET PRINTED,1,268,0.05843872655909289
SPOTTY BUNTING,1,268,0.05843872655909289
LUNCH BAG PINK POLKADOT,1,265,0.057784561709550805
ALARM CLOCK BAKELIKE RED,1,264,0.05756650675970344
LUNCH BAG CARS BLUE,1,263,0.05734845180985609
LUNCH BAG SUKI DESIGN,1,261,0.05691234191016136
GREEN REGENCY TEACUP AND SAUCER,1,260,0.056694286960314
SET OF 4 PANTRY JELLY MOULDS,1,259,0.056476232010466636
RABBIT NIGHT LIGHT,1,259,0.056476232010466636
VICTORIAN GLASS HANGING T-LIGHT,1,258,0.05625817706061927
WOODEN FRAME ANTIQUE WHITE,1,255,0.05560401221107719
JUMBO BAG APPLES,1,254,0.05538595726122983
LUNCH BAG APPLE DESIGN,1,251,0.05473179241168775
ALARM CLOCK BAKELIKE GREEN,1,248,0.05407762756214566
SET/20 RED RETROSPOT PAPER NAPKINS,1,247,0.0538595726122983
LUNCH BAG WOODLAND,1,244,0.053205407762756216
VINTAGE SNAP CARDS,1,239,0.05211513301351941
JUMBO BAG WOODLAND ANIMALS,1,235,0.05124291321412996
JUMBO  BAG BAROQUE BLACK WHITE,1,234,0.0510248582642826
SPACEBOY LUNCH BOX,1,230,0.05015263846489315
REX CASH+CARRY JUMBO SHOPPER,1,230,0.05015263846489315
6 RIBBONS RUSTIC CHARM,1,230,0.05015263846489315
PACK OF 60 PINK PAISLEY CAKE CASES,1,227,0.04949847361535107
JUMBO BAG ALPHABET,1,226,0.04928041866550371
RETROSPOT TEA SET CERAMIC 11 PC,1,225,0.049062363715656344
GARDENERS KNEELING PAD KEEP CALM,1,224,0.04884430876580898
HEART OF WICKER LARGE,1,221,0.0481901439162669
WOODLAND CHARLOTTE BAG,1,220,0.04797208896641954
SET OF 3 REGENCY CAKE TINS,1,220,0.04797208896641954
JUMBO BAG PINK VINTAGE PAISLEY,1,219,0.047754034016572175
CHARLOTTE BAG SUKI DESIGN,1,218,0.04753597906672481
ALARM CLOCK BAKELIKE PINK,1,215,0.04688181421718273
PLEASE ONE PERSON METAL SIGN,1,214,0.04666375926733537
CHOCOLATE HOT WATER BOTTLE,1,212,0.04622764936764064
SET OF 6 SPICE TINS PANTRY DESIGN,1,212,0.04622764936764064
SCOTTIE DOG HOT WATER BOTTLE,1,211,0.04600959441779329
DOLLY GIRL LUNCH BOX,1,211,0.04600959441779329
PAPER BUNTING RETROSPOT,1,210,0.045791539467945924
BAKING SET 9 PIECE RETROSPOT,1,208,0.0453554295682512
SET/5 RED RETROSPOT LID GLASS BOWLS,1,207,0.045137374618403836
PAPER CHAIN KIT VINTAGE CHRISTMAS,1,205,0.04470126471870912
RED TOADSTOOL LED NIGHT LIGHT,1,205,0.04470126471870912
RECYCLING BAG RETROSPOT,1,204,0.044483209768861755
JUMBO BAG VINTAGE LEAF,1,203,0.04426515481901439
CHARLOTTE BAG PINK POLKADOT,1,201,0.04382904491931967
JUMBO BAG STRAWBERRY,1,200,0.043610989969472304
DOORMAT RED RETROSPOT,1,199,0.04339293501962495
HOT WATER BOTTLE KEEP CALM,1,197,0.04295682511993022
STRAWBERRY CHARLOTTE BAG,1,193,0.04208460532054078
60 TEATIME FAIRY CAKE CASES,1,193,0.04208460532054078
POPCORN HOLDER,1,193,0.04208460532054078
CLOTHES PEGS RETROSPOT PACK 24,1,192,0.041866550370693416
PINK REGENCY TEACUP AND SAUCER,1,192,0.041866550370693416
LUNCH BAG ALPHABET DESIGN,1,191,0.04164849542084605
RED HANGING HEART T-LIGHT HOLDER,1,188,0.04099433057130397
HOME BUILDING BLOCK WORD,1,187,0.04077627562145661
HANGING HEART JAR T-LIGHT HOLDER,1,184,0.04012211077191452
GARDENERS KNEELING PAD CUP OF TEA,1,184,0.04012211077191452
ROUND SNACK BOXES SET OF4 WOODLAND,1,183,0.03990405582206716
SET OF 3 BUTTERFLY COOKIE CUTTERS,1,183,0.03990405582206716
JUMBO BAG VINTAGE DOILY,1,181,0.03946794592237244
COOK WITH WINE METAL SIGN,1,180,0.03924989097252508
STRAWBERRY CERAMIC TRINKET BOX,1,179,0.039031836022677714
PLASTERS IN TIN SPACEBOY,1,179,0.039031836022677714
JUMBO BAG OWLS,1,178,0.03881378107283035
SET OF 3 HEART COOKIE CUTTERS,1,178,0.03881378107283035
JUMBO BAG SCANDINAVIAN BLUE PAISLEY,1,178,0.03881378107283035
LUNCH BOX I LOVE LONDON,1,176,0.03837767117313563
GUMBALL COAT RACK,1,176,0.03837767117313563
JUMBO STORAGE BAG SKULLS,1,176,0.03837767117313563
PACK OF 20 NAPKINS PANTRY DESIGN,1,175,0.03815961622328827
JUMBO BAG SPACEBOY DESIGN,1,173,0.037723506323593545
WOOD BLACK BOARD ANT WHITE FINISH,1,172,0.03750545137374618
IVORY KITCHEN SCALES,1,172,0.03750545137374618
RETROSPOT HEART HOT WATER BOTTLE,1,171,0.03728739642389882
JUMBO BAG 50'S CHRISTMAS,1,171,0.03728739642389882
PLASTERS IN TIN WOODLAND ANIMALS,1,170,0.03706934147405146
LUNCH BAG VINTAGE LEAF DESIGN,1,170,0.03706934147405146
HOT WATER BOTTLE I AM SO POORLY,1,169,0.0368512865242041
HAND WARMER OWL DESIGN,1,169,0.0368512865242041
PACK OF 72 SKULL CAKE CASES,1,169,0.0368512865242041
HOT WATER BOTTLE TEA AND SYMPATHY,1,168,0.03663323157435674
LOVE BUILDING BLOCK WORD,1,168,0.03663323157435674
GIN + TONIC DIET METAL SIGN,1,168,0.03663323157435674
HAND OVER THE CHOCOLATE   SIGN,1,167,0.036415176624509375
ANTIQUE SILVER T-LIGHT GLASS,1,167,0.036415176624509375
BLUE HARMONICA IN BOX,1,166,0.03619712167466201
RED  HARMONICA IN BOX,1,166,0.03619712167466201
DOORMAT KEEP CALM AND COME IN,1,166,0.03619712167466201
COLOUR GLASS T-LIGHT HOLDER HANGING,1,165,0.03597906672481466
DOORMAT UNION FLAG,1,165,0.03597906672481466
BATHROOM METAL SIGN,1,164,0.035761011774967294
JUMBO BAG PEARS,1,162,0.03532490187527257
HOMEMADE JAM SCENTED CANDLES,1,160,0.03488879197557784
60 CAKE CASES VINTAGE CHRISTMAS,1,159,0.03467073702573049
CHILLI LIGHTS,1,158,0.034452682075883125
PINK CREAM FELT CRAFT TRINKET BOX,1,158,0.034452682075883125
72 SWEETHEART FAIRY CAKE CASES,1,157,0.03423462712603576
LUNCH BAG VINTAGE DOILY,1,157,0.03423462712603576
LUNCH BAG DOLLY GIRL DESIGN,1,156,0.0340165721761884
GINGERBREAD MAN COOKIE CUTTER,1,156,0.0340165721761884
ROUND SNACK BOXES SET OF 4 FRUITS,1,155,0.033798517226341036
PLASTERS IN TIN SKULLS,1,155,0.033798517226341036
WOODEN BOX OF DOMINOES,1,155,0.033798517226341036
DOORMAT HEARTS,1,155,0.033798517226341036
PLASTERS IN TIN CIRCUS PARADE,1,154,0.033580462276493674
TRADITIONAL KNITTING NANCY,1,154,0.033580462276493674
HANGING HEART ZINC T-LIGHT HOLDER,1,153,0.03336240732664632
CHARLOTTE BAG APPLES DESIGN,1,153,0.03336240732664632
DOORMAT NEW ENGLAND,1,152,0.033144352376798955
RED RETROSPOT CAKE STAND,1,152,0.033144352376798955
FELTCRAFT 6 FLOWER FRIENDS,1,151,0.03292629742695159
SMALL POPCORN HOLDER,1,148,0.032272132577409504
SET OF 60 PANTRY DESIGN CAKE CASES,1,148,0.032272132577409504
ALARM CLOCK BAKELIKE IVORY,1,147,0.03205407762756215
PAPER CHAIN KIT RETROSPOT,1,147,0.03205407762756215
HAND WARMER SCOTTY DOG DESIGN,1,146,0.031836022677714786
VINTAGE HEADS AND TAILS CARD GAME,1,146,0.031836022677714786
STRAWBERRY LUNCH BOX WITH CUTLERY,1,145,0.03161796772786742
CHRISTMAS CRAFT LITTLE FRIENDS,1,143,0.0311818578281727
SMALL GLASS HEART TRINKET POT,1,142,0.030963802878325338
WORLD WAR 2 GLIDERS ASSTD DESIGNS,1,142,0.030963802878325338
SET/6 RED SPOTTY PAPER PLATES,1,142,0.030963802878325338
JUMBO BAG TOYS,1,142,0.030963802878325338
PLASTERS IN TIN STRONGMAN,1,140,0.030527692978630616
SET OF 72 PINK HEART PAPER DOILIES,1,140,0.030527692978630616
HAND WARMER UNION JACK,1,139,0.030309638028783253
RED RETROSPOT SHOPPER BAG,1,139,0.030309638028783253
SUKI  SHOULDER BAG,1,139,0.030309638028783253
WHITE SKULL HOT WATER BOTTLE,1,138,0.03009158307893589
FAWN BLUE HOT WATER BOTTLE,1,138,0.03009158307893589
GREY HEART HOT WATER BOTTLE,1,137,0.02987352812908853
EDWARDIAN PARASOL NATURAL,1,137,0.02987352812908853
BOX OF 24 COCKTAIL PARASOLS,1,136,0.02965547317924117
PACK OF 60 DINOSAUR CAKE CASES,1,136,0.02965547317924117
TRAVEL CARD WALLET KEEP CALM,1,136,0.02965547317924117
SMALL WHITE HEART OF WICKER,1,136,0.02965547317924117
SET OF 12 FAIRY CAKE BAKING CASES,1,136,0.02965547317924117
PLASTERS IN TIN VINTAGE PAISLEY,1,135,0.029437418229393806
LARGE WHITE HEART OF WICKER,1,135,0.029437418229393806
LOVEBIRD HANGING DECORATION WHITE,1,134,0.029219363279546447
HOT BATHS METAL SIGN,1,134,0.029219363279546447
CREAM HEART CARD HOLDER,1,133,0.029001308329699084
WOOD 2 DRAWER CABINET WHITE FINISH,1,133,0.029001308329699084
WOODEN HEART CHRISTMAS SCANDINAVIAN,1,133,0.029001308329699084
SET OF 20 VINTAGE CHRISTMAS NAPKINS,1,133,0.029001308329699084
SINGLE HEART ZINC T-LIGHT HOLDER,1,132,0.02878325337985172
HAND WARMER BIRD DESIGN,1,132,0.02878325337985172
RED KITCHEN SCALES,1,132,0.02878325337985172
PINK BLUE FELT CRAFT TRINKET BOX,1,132,0.02878325337985172
LADIES & GENTLEMEN METAL SIGN,1,131,0.028565198430004362
SMALL DOLLY MIX DESIGN ORANGE BOWL,1,131,0.028565198430004362
CHRISTMAS CRAFT TREE TOP ANGEL,1,130,0.028347143480157
POTTERING IN THE SHED METAL SIGN,1,130,0.028347143480157
TOY TIDY PINK POLKADOT,1,129,0.028129088530309636
FELTCRAFT BUTTERFLY HEARTS,1,129,0.028129088530309636
JUMBO BAG DOILEY PATTERNS,1,129,0.028129088530309636
SPACEBOY BIRTHDAY CARD,1,128,0.027911033580462277
ENAMEL FLOWER JUG CREAM,1,127,0.027692978630614914
WOODEN STAR CHRISTMAS SCANDINAVIAN,1,127,0.027692978630614914
RED RETROSPOT BOWL,1,127,0.027692978630614914
TEA TIME PARTY BUNTING,1,126,0.027474923680767552
ALARM CLOCK BAKELIKE CHOCOLATE,1,125,0.027256868730920192
SET/3 RED GINGHAM ROSE STORAGE BOX,1,125,0.027256868730920192
RED RETROSPOT PICNIC BAG,1,125,0.027256868730920192
NATURAL SLATE CHALKBOARD LARGE,1,125,0.027256868730920192
JUMBO BAG VINTAGE CHRISTMAS,1,125,0.027256868730920192
ZINC METAL HEART DECORATION,1,123,0.02682075883122547
ALARM CLOCK BAKELIKE ORANGE,1,123,0.02682075883122547
CHOCOLATE THIS WAY METAL SIGN,1,123,0.02682075883122547
PHOTO FRAME CORNICE,1,123,0.02682075883122547
ENAMEL BREAD BIN CREAM,1,122,0.026602703881378108
4 TRADITIONAL SPINNING TOPS,1,122,0.026602703881378108
NATURAL SLATE RECTANGLE CHALKBOARD,1,122,0.026602703881378108
MEMO BOARD RETROSPOT  DESIGN,1,121,0.026384648931530745
RED RETROSPOT OVEN GLOVE,1,120,0.026166593981683386
SET/6 RED SPOTTY PAPER CUPS,1,120,0.026166593981683386
LUNCH BAG DOILEY PATTERN,1,120,0.026166593981683386
SET 2 TEA TOWELS I LOVE LONDON,1,119,0.025948539031836023
POPPY'S PLAYHOUSE KITCHEN,1,119,0.025948539031836023
JUMBO BAG DOLLY GIRL DESIGN,1,119,0.025948539031836023
ASSORTED COLOURS SILK FAN,1,119,0.025948539031836023
SCANDINAVIAN PAISLEY PICNIC BAG,1,119,0.025948539031836023
METAL 4 HOOK HANGER FRENCH CHATEAU,1,119,0.025948539031836023
DOORMAT FANCY FONT HOME SWEET HOME,1,118,0.02573048408198866
SET OF 6 RIBBONS VINTAGE CHRISTMAS,1,118,0.02573048408198866
DOORMAT SPOTTY HOME SWEET HOME,1,118,0.02573048408198866
VINTAGE UNION JACK BUNTING,1,118,0.02573048408198866
3 STRIPEY MICE FELTCRAFT,1,118,0.02573048408198866
PINK VINTAGE PAISLEY PICNIC BAG,1,118,0.02573048408198866
CHARLOTTE BAG VINTAGE ALPHABET,1,118,0.02573048408198866
SET OF 20 KIDS COOKIE CUTTERS,1,117,0.0255124291321413
PACK OF 12 LONDON TISSUES,1,117,0.0255124291321413
DOORMAT WELCOME TO OUR HOME,1,117,0.0255124291321413
PACK OF 12 HEARTS DESIGN TISSUES,1,117,0.0255124291321413
CREAM SWEETHEART MINI CHEST,1,117,0.0255124291321413
RECIPE BOX RETROSPOT,1,116,0.02529437418229394
PAPER CHAIN KIT EMPIRE,1,116,0.02529437418229394
BEWARE OF THE CAT METAL SIGN,1,115,0.025076319232446576
GINGHAM HEART DECORATION,1,115,0.025076319232446576
RED WOOLLY HOTTIE WHITE HEART.,1,114,0.024858264282599216
ROTATING SILVER ANGELS T-LIGHT HLDR,1,114,0.024858264282599216
PICNIC BASKET WICKER LARGE,1,114,0.024858264282599216
TRADITIONAL WOODEN CATCH CUP GAME,1,114,0.024858264282599216
PACK OF 60 SPACEBOY CAKE CASES,1,114,0.024858264282599216
FELTCRAFT CUSHION OWL,1,113,0.024640209332751854
FELTCRAFT PRINCESS CHARLOTTE DOLL,1,113,0.024640209332751854
WOODEN SCHOOL COLOURING SET,1,113,0.024640209332751854
RIBBON REEL STRIPES DESIGN,1,113,0.024640209332751854
YOU'RE CONFUSING ME METAL SIGN,1,113,0.024640209332751854
NO SINGING METAL SIGN,1,112,0.02442215438290449
POPPY'S PLAYHOUSE BEDROOM,1,112,0.02442215438290449
CHILDRENS APRON SPACEBOY DESIGN,1,112,0.02442215438290449
PINK FAIRY CAKE CHILDRENS APRON,1,111,0.02420409943305713
LUNCH BOX WITH CUTLERY RETROSPOT,1,111,0.02420409943305713
RED DINER WALL CLOCK,1,111,0.02420409943305713
PICNIC BASKET WICKER SMALL,1,111,0.02420409943305713
CHARLOTTE BAG DOLLY GIRL DESIGN,1,111,0.02420409943305713
SMALL HEART MEASURING SPOONS,1,111,0.02420409943305713
CHILDRENS CUTLERY POLKADOT PINK,1,111,0.02420409943305713
SET OF TEA COFFEE SUGAR TINS PANTRY,1,111,0.02420409943305713
KNITTED UNION FLAG HOT WATER BOTTLE,1,110,0.02398604448320977
WOODEN UNION JACK BUNTING,1,110,0.02398604448320977
CLEAR DRAWER KNOB ACRYLIC EDWARDIAN,1,110,0.02398604448320977
CARD BILLBOARD FONT,1,110,0.02398604448320977
REGENCY TEA PLATE ROSES,1,110,0.02398604448320977
TRAVEL SEWING KIT,1,109,0.023767989533362406
SCANDINAVIAN REDS RIBBONS,1,109,0.023767989533362406
"SET 3 RETROSPOT TEA,COFFEE,SUGAR",1,109,0.023767989533362406
3 PIECE SPACEBOY COOKIE CUTTER SET,1,109,0.023767989533362406
LOVE HOT WATER BOTTLE,1,109,0.023767989533362406
STRAWBERRY SHOPPER BAG,1,108,0.023549934583515047
SET OF 3 NOTEBOOKS IN PARCEL,1,108,0.023549934583515047
SWEETHEART CERAMIC TRINKET BOX,1,108,0.023549934583515047
VINTAGE PAISLEY STATIONERY SET,1,108,0.023549934583515047
RED RETROSPOT CUP,1,108,0.023549934583515047
PANTRY MAGNETIC  SHOPPING LIST,1,108,0.023549934583515047
HAND WARMER RED RETROSPOT,1,107,0.023331879633667684
SET/2 RED RETROSPOT TEA TOWELS,1,107,0.023331879633667684
PARTY METAL SIGN,1,107,0.023331879633667684
ZINC FOLKART SLEIGH BELLS,1,107,0.023331879633667684
SMALL MARSHMALLOWS PINK BOWL,1,107,0.023331879633667684
WHITE WOOD GARDEN PLANT LADDER,1,106,0.02311382468382032
SET 12 KIDS COLOUR  CHALK STICKS,1,106,0.02311382468382032
SOLDIERS EGG CUP,1,105,0.022895769733972962
CHICK GREY HOT WATER BOTTLE,1,105,0.022895769733972962
METAL SIGN TAKE IT OR LEAVE IT,1,105,0.022895769733972962
60 CAKE CASES DOLLY GIRL DESIGN,1,105,0.022895769733972962
DOORMAT ENGLISH ROSE,1,105,0.022895769733972962
ROLL WRAP 50'S CHRISTMAS,1,105,0.022895769733972962
SET OF 6 SOLDIER SKITTLES,1,104,0.0226777147841256
TRADITIONAL WOODEN SKIPPING ROPE,1,104,0.0226777147841256
FLORAL FOLK STATIONERY SET,1,104,0.0226777147841256
BINGO SET,1,104,0.0226777147841256
SKULL LUNCH BOX WITH CUTLERY,1,104,0.0226777147841256
SET OF 10 LED DOLLY LIGHTS,1,104,0.0226777147841256
HAND WARMER RED LOVE HEART,1,104,0.0226777147841256
FELTCRAFT PRINCESS LOLA DOLL,1,103,0.022459659834278237
TOILET SIGN OCCUPIED OR VACANT,1,103,0.022459659834278237
REGENCY TEA PLATE GREEN,1,103,0.022459659834278237
SET OF 3 WOODEN HEART DECORATIONS,1,103,0.022459659834278237
SET OF 12 MINI LOAF BAKING CASES,1,103,0.022459659834278237
CHRISTMAS CRAFT WHITE FAIRY,1,102,0.022241604884430877
SET/10 RED POLKADOT PARTY CANDLES,1,102,0.022241604884430877
BAKING SET SPACEBOY DESIGN,1,102,0.022241604884430877
RED SPOTTY BISCUIT TIN,1,102,0.022241604884430877
RED RETROSPOT PEG BAG,1,102,0.022241604884430877
ENGLISH ROSE HOT WATER BOTTLE,1,102,0.022241604884430877
PACK OF 6 BIRDY GIFT TAGS,1,101,0.022023549934583515
T-LIGHT GLASS FLUTED ANTIQUE,1,101,0.022023549934583515
AREA PATROLLED METAL SIGN,1,101,0.022023549934583515
SWEETHEART CAKESTAND 3 TIER,1,100,0.021805494984736152
SET 12 RETRO WHITE CHALK STICKS,1,100,0.021805494984736152
SAVE THE PLANET MUG,1,99,0.021587440034888793
TRAVEL CARD WALLET VINTAGE TICKET,1,99,0.021587440034888793
SET 6 SCHOOL MILK BOTTLES IN CRATE,1,99,0.021587440034888793
VINTAGE CREAM DOG FOOD CONTAINER,1,98,0.02136938508504143
EDWARDIAN PARASOL BLACK,1,98,0.02136938508504143
HEART IVORY TRELLIS SMALL,1,98,0.02136938508504143
REVOLVER WOODEN RULER,1,98,0.02136938508504143
GIANT 50'S CHRISTMAS CRACKER,1,98,0.02136938508504143
VINTAGE DOILY TRAVEL SEWING KIT,1,97,0.021151330135194067
FELTCRAFT CUSHION RABBIT,1,96,0.020933275185346708
RED STRIPE CERAMIC DRAWER KNOB,1,96,0.020933275185346708
6 GIFT TAGS VINTAGE CHRISTMAS,1,96,0.020933275185346708
BOX OF 6 MINI 50'S CRACKERS,1,96,0.020933275185346708
PACK OF 12 TRADITIONAL CRAYONS,1,95,0.020715220235499345
3 HOOK PHOTO SHELF ANTIQUE WHITE,1,95,0.020715220235499345
CANDLEHOLDER PINK HANGING HEART,1,95,0.020715220235499345
RETROSPOT LARGE MILK JUG,1,95,0.020715220235499345
MINT KITCHEN SCALES,1,95,0.020715220235499345
SET OF 72 RETROSPOT PAPER  DOILIES,1,95,0.020715220235499345
VINTAGE SNAKES & LADDERS,1,95,0.020715220235499345
IVORY DINER WALL CLOCK,1,95,0.020715220235499345
WOODEN ROUNDERS GARDEN SET,1,95,0.020715220235499345
OPEN CLOSED METAL SIGN,1,95,0.020715220235499345
CHILDRENS CUTLERY SPACEBOY,1,95,0.020715220235499345
JINGLE BELL HEART DECORATION,1,95,0.020715220235499345
SET 7 BABUSHKA NESTING BOXES,1,94,0.020497165285651986
TRADITIONAL MODELLING CLAY,1,94,0.020497165285651986
BLUE HAPPY BIRTHDAY BUNTING,1,94,0.020497165285651986
WASHROOM METAL SIGN,1,94,0.020497165285651986
PICTURE DOMINOES,1,94,0.020497165285651986
WHITE SPOT RED CERAMIC DRAWER KNOB,1,94,0.020497165285651986
ASSORTED COLOUR MINI CASES,1,94,0.020497165285651986
SET 20 NAPKINS FAIRY CAKES DESIGN,1,94,0.020497165285651986
SET OF 60 I LOVE LONDON CAKE CASES,1,94,0.020497165285651986
RED RETROSPOT MINI CASES,1,93,0.020279110335804623
CERAMIC HEART FAIRY CAKE MONEY BANK,1,93,0.020279110335804623
RED RETROSPOT UMBRELLA,1,93,0.020279110335804623
VINTAGE CHRISTMAS BUNTING,1,93,0.020279110335804623
ROLL WRAP VINTAGE CHRISTMAS,1,93,0.020279110335804623
12 PENCILS SMALL TUBE RED RETROSPOT,1,92,0.02006105538595726
12 PENCIL SMALL TUBE WOODLAND,1,92,0.02006105538595726
BLUE POLKADOT CUP,1,92,0.02006105538595726
"JUMBO BAG PINK POLKADOT, JUMBO BAG RED RETROSPOT",2,227,0.04949847361535107
"GREEN REGENCY TEACUP AND SAUCER, ROSES REGENCY TEACUP AND SAUCER",2,194,0.042302660270388134
"JUMBO BAG RED RETROSPOT, JUMBO STORAGE BAG SUKI",2,190,0.04143044047099869
"JUMBO BAG RED RETROSPOT, JUMBO SHOPPER VINTAGE RED PAISLEY",2,179,0.039031836022677714
"GREEN REGENCY TEACUP AND SAUCER, PINK REGENCY TEACUP AND SAUCER",2,165,0.03597906672481466
"ALARM CLOCK BAKELIKE GREEN, ALARM CLOCK BAKELIKE RED",2,163,0.03554295682511993
"LUNCH BAG  BLACK SKULL., LUNCH BAG RED RETROSPOT",2,157,0.03423462712603576
"CHARLOTTE BAG PINK POLKADOT, RED RETROSPOT CHARLOTTE BAG",2,153,0.03336240732664632
"JUMBO BAG PINK POLKADOT, JUMBO STORAGE BAG SUKI",2,151,0.03292629742695159
"PINK REGENCY TEACUP AND SAUCER, ROSES REGENCY TEACUP AND SAUCER",2,150,0.03270824247710423
"LUNCH BAG PINK POLKADOT, LUNCH BAG RED RETROSPOT",2,146,0.031836022677714786
"JUMBO SHOPPER VINTAGE RED PAISLEY, JUMBO STORAGE BAG SUKI",2,145,0.03161796772786742
"JUMBO  BAG BAROQUE BLACK WHITE, JUMBO BAG RED RETROSPOT",2,143,0.0311818578281727
"LUNCH BAG RED RETROSPOT, LUNCH BAG SPACEBOY DESIGN",2,143,0.0311818578281727
"JUMBO BAG RED RETROSPOT, LUNCH BAG RED RETROSPOT",2,141,0.030745747928477975
"RED RETROSPOT CHARLOTTE BAG, WOODLAND CHARLOTTE BAG",2,141,0.030745747928477975
"JUMBO BAG APPLES, JUMBO BAG RED RETROSPOT",2,141,0.030745747928477975
"JUMBO BAG PINK POLKADOT, JUMBO SHOPPER VINTAGE RED PAISLEY",2,140,0.030527692978630616
"JUMBO BAG RED RETROSPOT, JUMBO BAG WOODLAND ANIMALS",2,140,0.030527692978630616
"GARDENERS KNEELING PAD CUP OF TEA, GARDENERS KNEELING PAD KEEP CALM",2,140,0.030527692978630616
"LUNCH BAG CARS BLUE, LUNCH BAG RED RETROSPOT",2,139,0.030309638028783253
"WOODEN FRAME ANTIQUE WHITE, WOODEN PICTURE FRAME WHITE FINISH",2,138,0.03009158307893589
"RED RETROSPOT CHARLOTTE BAG, STRAWBERRY CHARLOTTE BAG",2,137,0.02987352812908853
"CHARLOTTE BAG SUKI DESIGN, RED RETROSPOT CHARLOTTE BAG",2,136,0.02965547317924117
"GREEN REGENCY TEACUP AND SAUCER, REGENCY CAKESTAND 3 TIER",2,135,0.029437418229393806
"LUNCH BAG  BLACK SKULL., LUNCH BAG SPACEBOY DESIGN",2,133,0.029001308329699084
"RED HANGING HEART T-LIGHT HOLDER, WHITE HANGING HEART T-LIGHT HOLDER",2,133,0.029001308329699084
"DOLLY GIRL LUNCH BOX, SPACEBOY LUNCH BOX",2,131,0.028565198430004362
"JUMBO  BAG BAROQUE BLACK WHITE, JUMBO BAG PINK POLKADOT",2,131,0.028565198430004362
"JUMBO BAG PINK POLKADOT, JUMBO BAG WOODLAND ANIMALS",2,131,0.028565198430004362
"JUMBO BAG RED RETROSPOT, JUMBO BAG STRAWBERRY",2,130,0.028347143480157
"PAPER CHAIN KIT 50'S CHRISTMAS, PAPER CHAIN KIT VINTAGE CHRISTMAS",2,129,0.028129088530309636
"JUMBO BAG PINK VINTAGE PAISLEY, JUMBO BAG RED RETROSPOT",2,129,0.028129088530309636
"JUMBO BAG WOODLAND ANIMALS, JUMBO STORAGE BAG SUKI",2,128,0.027911033580462277
"LUNCH BAG RED RETROSPOT, LUNCH BAG SUKI DESIGN",2,127,0.027692978630614914
"LUNCH BAG  BLACK SKULL., LUNCH BAG CARS BLUE",2,125,0.027256868730920192
"REGENCY CAKESTAND 3 TIER, ROSES REGENCY TEACUP AND SAUCER",2,125,0.027256868730920192
"ALARM CLOCK BAKELIKE PINK, ALARM CLOCK BAKELIKE RED",2,125,0.027256868730920192
"LUNCH BAG  BLACK SKULL., LUNCH BAG SUKI DESIGN",2,125,0.027256868730920192
"HEART OF WICKER LARGE, HEART OF WICKER SMALL",2,124,0.02703881378107283
"JUMBO BAG RED RETROSPOT, RED RETROSPOT CHARLOTTE BAG",2,124,0.02703881378107283
"LUNCH BAG  BLACK SKULL., LUNCH BAG PINK POLKADOT",2,124,0.02703881378107283
"ALARM CLOCK BAKELIKE GREEN, ALARM CLOCK BAKELIKE PINK",2,122,0.026602703881378108
"LUNCH BAG RED RETROSPOT, LUNCH BAG WOODLAND",2,122,0.026602703881378108
"JUMBO BAG RED RETROSPOT, WHITE HANGING HEART T-LIGHT HOLDER",2,120,0.026166593981683386
"LUNCH BAG CARS BLUE, LUNCH BAG SPACEBOY DESIGN",2,119,0.025948539031836023
"JUMBO BAG RED RETROSPOT, RECYCLING BAG RETROSPOT",2,119,0.025948539031836023
"LUNCH BAG CARS BLUE, LUNCH BAG PINK POLKADOT",2,119,0.025948539031836023
"LUNCH BAG PINK POLKADOT, LUNCH BAG SPACEBOY DESIGN",2,118,0.02573048408198866
"LUNCH BAG APPLE DESIGN, LUNCH BAG SUKI DESIGN",2,118,0.02573048408198866
"LUNCH BAG SPACEBOY DESIGN, LUNCH BAG SUKI DESIGN",2,115,0.025076319232446576
"JAM MAKING SET PRINTED, JAM MAKING SET WITH JARS",2,114,0.024858264282599216
"CHARLOTTE BAG SUKI DESIGN, STRAWBERRY CHARLOTTE BAG",2,113,0.024640209332751854
"SET OF 3 CAKE TINS PANTRY DESIGN, SET OF 6 SPICE TINS PANTRY DESIGN",2,113,0.024640209332751854
"LUNCH BAG APPLE DESIGN, LUNCH BAG RED RETROSPOT",2,113,0.024640209332751854
"PARTY BUNTING, SPOTTY BUNTING",2,113,0.024640209332751854
"LUNCH BAG SPACEBOY DESIGN, LUNCH BAG WOODLAND",2,112,0.02442215438290449
"RECIPE BOX PANTRY YELLOW DESIGN, SET OF 3 CAKE TINS PANTRY DESIGN",2,112,0.02442215438290449
"JUMBO BAG RED RETROSPOT, JUMBO BAG SCANDINAVIAN BLUE PAISLEY",2,112,0.02442215438290449
"JUMBO BAG PINK VINTAGE PAISLEY, JUMBO SHOPPER VINTAGE RED PAISLEY",2,111,0.02420409943305713
"CHARLOTTE BAG PINK POLKADOT, WOODLAND CHARLOTTE BAG",2,111,0.02420409943305713
"LUNCH BAG  BLACK SKULL., LUNCH BAG WOODLAND",2,111,0.02420409943305713
"JUMBO BAG WOODLAND ANIMALS, JUMBO SHOPPER VINTAGE RED PAISLEY",2,111,0.02420409943305713
"JUMBO BAG APPLES, JUMBO BAG PEARS",2,111,0.02420409943305713
"60 TEATIME FAIRY CAKE CASES, PACK OF 72 RETROSPOT CAKE CASES",2,110,0.02398604448320977
"PACK OF 60 PINK PAISLEY CAKE CASES, PACK OF 72 RETROSPOT CAKE CASES",2,110,0.02398604448320977
"CHARLOTTE BAG PINK POLKADOT, CHARLOTTE BAG SUKI DESIGN",2,110,0.02398604448320977
"CHARLOTTE BAG SUKI DESIGN, WOODLAND CHARLOTTE BAG",2,110,0.02398604448320977
"LUNCH BAG CARS BLUE, LUNCH BAG SUKI DESIGN",2,110,0.02398604448320977
"JUMBO BAG OWLS, JUMBO BAG RED RETROSPOT",2,109,0.023767989533362406
"JUMBO  BAG BAROQUE BLACK WHITE, JUMBO STORAGE BAG SUKI",2,108,0.023549934583515047
"JUMBO BAG ALPHABET, JUMBO BAG APPLES",2,108,0.023549934583515047
"JUMBO  BAG BAROQUE BLACK WHITE, JUMBO SHOPPER VINTAGE RED PAISLEY",2,107,0.023331879633667684
"LUNCH BAG APPLE DESIGN, LUNCH BAG SPACEBOY DESIGN",2,107,0.023331879633667684
"JUMBO BAG RED RETROSPOT, JUMBO BAG SPACEBOY DESIGN",2,106,0.02311382468382032
"STRAWBERRY CHARLOTTE BAG, WOODLAND CHARLOTTE BAG",2,106,0.02311382468382032
"JUMBO BAG SCANDINAVIAN BLUE PAISLEY, JUMBO SHOPPER VINTAGE RED PAISLEY",2,106,0.02311382468382032
"WHITE HANGING HEART T-LIGHT HOLDER, WOODEN PICTURE FRAME WHITE FINISH",2,103,0.022459659834278237
"CHARLOTTE BAG PINK POLKADOT, STRAWBERRY CHARLOTTE BAG",2,102,0.022241604884430877
"JUMBO BAG ALPHABET, JUMBO BAG RED RETROSPOT",2,102,0.022241604884430877
"LUNCH BAG  BLACK SKULL., LUNCH BAG APPLE DESIGN",2,101,0.022023549934583515
"CHOCOLATE HOT WATER BOTTLE, HOT WATER BOTTLE I AM SO POORLY",2,100,0.021805494984736152
"WOODEN HEART CHRISTMAS SCANDINAVIAN, WOODEN STAR CHRISTMAS SCANDINAVIAN",2,100,0.021805494984736152
"JUMBO BAG PINK POLKADOT, JUMBO BAG PINK VINTAGE PAISLEY",2,100,0.021805494984736152
"LUNCH BAG RED RETROSPOT, RED RETROSPOT CHARLOTTE BAG",2,100,0.021805494984736152
"PACK OF 72 RETROSPOT CAKE CASES, REGENCY CAKESTAND 3 TIER",2,100,0.021805494984736152
"PARTY BUNTING, REGENCY CAKESTAND 3 TIER",2,100,0.021805494984736152
"LUNCH BAG CARS BLUE, LUNCH BAG WOODLAND",2,100,0.021805494984736152
"JUMBO BAG APPLES, JUMBO BAG PINK POLKADOT",2,100,0.021805494984736152
"ALARM CLOCK BAKELIKE IVORY, ALARM CLOCK BAKELIKE RED",2,99,0.021587440034888793
"JAM MAKING SET WITH JARS, SET OF 3 CAKE TINS PANTRY DESIGN",2,99,0.021587440034888793
"JUMBO BAG RED RETROSPOT, JUMBO BAG VINTAGE LEAF",2,99,0.021587440034888793
"SET/6 RED SPOTTY PAPER CUPS, SET/6 RED SPOTTY PAPER PLATES",2,98,0.02136938508504143
"CHARLOTTE BAG APPLES DESIGN, RED RETROSPOT CHARLOTTE BAG",2,98,0.02136938508504143
"SET/20 RED RETROSPOT PAPER NAPKINS, SET/6 RED SPOTTY PAPER PLATES",2,97,0.021151330135194067
"JUMBO BAG RED RETROSPOT, JUMBO STORAGE BAG SKULLS",2,97,0.021151330135194067
"LUNCH BAG PINK POLKADOT, LUNCH BAG SUKI DESIGN",2,97,0.021151330135194067
"JUMBO BAG APPLES, LUNCH BAG APPLE DESIGN",2,97,0.021151330135194067
"NATURAL SLATE HEART CHALKBOARD, WHITE HANGING HEART T-LIGHT HOLDER",2,96,0.020933275185346708
"PARTY BUNTING, WHITE HANGING HEART T-LIGHT HOLDER",2,96,0.020933275185346708
"PINK REGENCY TEACUP AND SAUCER, REGENCY CAKESTAND 3 TIER",2,95,0.020715220235499345
"LUNCH BAG APPLE DESIGN, LUNCH BAG CARS BLUE",2,95,0.020715220235499345
"LUNCH BAG APPLE DESIGN, LUNCH BAG VINTAGE LEAF DESIGN",2,95,0.020715220235499345
"JUMBO BAG APPLES, JUMBO BAG VINTAGE LEAF",2,95,0.020715220235499345
"PACK OF 72 RETROSPOT CAKE CASES, PACK OF 72 SKULL CAKE CASES",2,94,0.020497165285651986
"JUMBO BAG PINK POLKADOT, RECYCLING BAG RETROSPOT",2,94,0.020497165285651986
"JUMBO BAG PINK POLKADOT, JUMBO BAG TOYS",2,94,0.020497165285651986
"JUMBO BAG PINK POLKADOT, JUMBO BAG SPACEBOY DESIGN",2,94,0.020497165285651986
"JUMBO BAG PINK POLKADOT, JUMBO BAG STRAWBERRY",2,93,0.020279110335804623
"PACK OF 72 RETROSPOT CAKE CASES, RED RETROSPOT CHARLOTTE BAG",2,93,0.020279110335804623
"JUMBO BAG PINK VINTAGE PAISLEY, JUMBO BAG SCANDINAVIAN BLUE PAISLEY",2,93,0.020279110335804623
"JUMBO BAG APPLES, JUMBO STORAGE BAG SUKI",2,93,0.020279110335804623
"REGENCY CAKESTAND 3 TIER, WHITE HANGING HEART T-LIGHT HOLDER",2,92,0.02006105538595726
"JUMBO BAG PINK VINTAGE PAISLEY, JUMBO STORAGE BAG SUKI",2,92,0.02006105538595726
"JUMBO BAG RED RETROSPOT, LUNCH BAG  BLACK SKULL.",2,92,0.02006105538595726
"LUNCH BAG  BLACK SKULL., RED RETROSPOT CHARLOTTE BAG",2,92,0.02006105538595726
"JUMBO STORAGE BAG SKULLS, JUMBO STORAGE BAG SUKI",2,92,0.02006105538595726
"JUMBO BAG RED RETROSPOT, JUMBO BAG TOYS",2,92,0.02006105538595726
"JUMBO BAG PINK POLKADOT, JUMBO STORAGE BAG SKULLS",2,92,0.02006105538595726
"GREEN REGENCY TEACUP AND SAUCER, PINK REGENCY TEACUP AND SAUCER, ROSES REGENCY TEACUP AND SAUCER",3,138,0.03009158307893589
"JUMBO BAG PINK POLKADOT, JUMBO BAG RED RETROSPOT, JUMBO STORAGE BAG SUKI",3,116,0.02529437418229394
"JUMBO BAG PINK POLKADOT, JUMBO BAG RED RETROSPOT, JUMBO SHOPPER VINTAGE RED PAISLEY",3,109,0.023767989533362406
"JUMBO BAG RED RETROSPOT, JUMBO SHOPPER VINTAGE RED PAISLEY, JUMBO STORAGE BAG SUKI",3,109,0.023767989533362406
"GREEN REGENCY TEACUP AND SAUCER, REGENCY CAKESTAND 3 TIER, ROSES REGENCY TEACUP AND SAUCER",3,103,0.022459659834278237
"CHARLOTTE BAG PINK POLKADOT, RED RETROSPOT CHARLOTTE BAG, WOODLAND CHARLOTTE BAG",3,98,0.02136938508504143
"JUMBO BAG PINK POLKADOT, JUMBO SHOPPER VINTAGE RED PAISLEY, JUMBO STORAGE BAG SUKI",3,97,0.021151330135194067
"JUMBO  BAG BAROQUE BLACK WHITE, JUMBO BAG PINK POLKADOT, JUMBO BAG RED RETROSPOT",3,96,0.020933275185346708
"JUMBO BAG PINK POLKADOT, JUMBO BAG RED RETROSPOT, JUMBO BAG WOODLAND ANIMALS",3,95,0.020715220235499345
"CHARLOTTE BAG PINK POLKADOT, CHARLOTTE BAG SUKI DESIGN, RED RETROSPOT CHARLOTTE BAG",3,93,0.020279110335804623
"CHARLOTTE BAG PINK POLKADOT, RED RETROSPOT CHARLOTTE BAG, STRAWBERRY CHARLOTTE BAG",3,92,0.02006105538595726
"CHARLOTTE BAG SUKI DESIGN, RED RETROSPOT CHARLOTTE BAG, STRAWBERRY CHARLOTTE BAG",3,92,0.02006105538595726
"RED RETROSPOT CHARLOTTE BAG, STRAWBERRY CHARLOTTE BAG, WOODLAND CHARLOTTE BAG",3,92,0.02006105538595726
